title,location,length,rating,rating_number,price
Michelin Star Chef - Cristina Bowerman,Italy,1 hour,,,From $70/person
Cook-Along with Michelin trained chef,United Kingdom,1.25 hours,,,From $45/person
Michelin Star Chef - Rishi Naleendra,Singapore,1 hour,,,From $41/person
Secrets of a Michelin-starred Chef,Singapore,1.5 hours,,,From $34/person
Michelin Star Chef - Roberto Ruiz,Spain,1 hour,,,From $82/person
Michelin Star Chef - Soo Ahn,United States,1 hour,,,From $40/person
Mediterranean Seafood with Chef Marc,France,1 hour,,,From $58/person
Michelin Star Chef - Iván Muñoz,Spain,1 hour,,,From $47/person
The World of High Kitchen Fermentations,Spain,1 hour,,,From $93/person
Michelin Star Chef - Nicola Dinato,Italy,1 hour,,,From $82/person
Michelin Star Chef - Pascal Aussignac,United Kingdom,1 hour,,,From $52/person
Michelin Star Chef - Iannotti Lab,Italy,1 hour,,,From $93/person
Michelin Star Chef - Paco Morales,Spain,1 hour,,,From $58/person
Chef Andrea’s Meaty Italian Mains,Italy,1 hour,,,From $58/person
French products by a Michelin Stared Chef,France,1 hour,,,From $70/person
Michelin Star Chef - Brad Carter,United Kingdom,1 hour,,,From $64/person
Chef Joachim’s Fusion of Flavors,Portugal,1 hour,,,From $41/person
Michelin Star Chef - Andrew Zimmerman,United States,1 hour,,,From $55/person
Michelin Star Chef - Alberto Landgraf,Brazil,1 hour,,,From $50/person
Michelin Star Chef - Giuseppe Iannotti,Italy,1 hour,,,From $70/person
Southern Italian Dishes with Chef Paolo,Italy,1 hour,,,From $47/person
Michelin Star Chef - Jonathan Benno,United States,1.5 hours,,,From $40/person
Countryside Cooking with Chef Davide,Italy,1 hour,,,From $70/person
Michelin Star Chef - Edson Yamashita,Brazil,1 hour,,,From $41/person
Michelin Star Chef - Jun Lee,South Korea,1 hour,,,From $41/person
Michelin Star Chef - Gabriel Kreuther,United States,1.25 hours,,,From $40/person
Taste of Tuscany with Chef Gaetano,Italy,1 hour,,,From $70/person
Easy Dishes w/ Tastemade Chef Frankie,United States,1 hour,,,From $30/person
Sangria and Secrets with Drag Queens,Portugal,1.5 hours,Rating 4.96 out of 5,2145 reviews,From $35/person
Follow a Plague Doctor Through Prague,Czech Republic,1.5 hours,Rating 4.92 out of 5,952 reviews,From $18/person
Coffee Masterclass with National Judge,Mexico,1 hour,Rating 4.97 out of 5,1103 reviews,From $8/person
'True vs False' Funny Historical Game,Greece,1 hour,Rating 4.96 out of 5,252 reviews,From $9/person
Cook Mexican Street Tacos with a Pro Chef,Mexico,1.5 hours,Rating 4.97 out of 5,586 reviews,From $21/person
Explore Kyoto Where Unique Old Gods Live,Japan,1.5 hours,Rating 4.95 out of 5,110 reviews,From $10/person
Secrets of Magic,United Kingdom,1.5 hours,Rating 4.97 out of 5,444 reviews,From $25/person
Propagating Plants with Hilton Carter,United States,1.5 hours,Rating 4.97 out of 5,617 reviews,From $35/person
cLock Down the Interactive Live Musical,Portugal,1.5 hours,Rating 5 out of 5,68 reviews,From $27/person
Solve the Mystery Escape Room,Poland,1.5 hours,Rating 4.96 out of 5,124 reviews,From $19/person
Living Room Legends Scavenger Hunt Game,United States,1 hour,Rating 4.94 out of 5,33 reviews,From $6/person
Harry Potter Virtual London Walking Tour,United Kingdom,1.5 hours,Rating 5 out of 5,33 reviews,From $9/person
Meet the Woolly Sheep on My Farm,New Zealand,1 hour,Rating 4.9 out of 5,241 reviews,From $11/person
Make Japanese Souffle Pancakes At Home,United States,1 hour,Rating 4.98 out of 5,43 reviews,From $15/person
SECRETS of Mobile Photo by NatGeo Winner,Spain,0.75 hour,Rating 5 out of 5,173 reviews,From $2/person
All About Coffee With a Colombian Pro Taster & Barista,Colombia,1 hour,Rating 4.86 out of 5,139 reviews,From $7/person
GINspiration History & Cocktails at Home,United Kingdom,1.5 hours,Rating 4.96 out of 5,464 reviews,From $20/person
Spiced Wines of the Past with an Archaeologist,Italy,1 hour,Rating 4.98 out of 5,188 reviews,From $12/person
"Irish Village, History, Culture & Craic",Ireland,1 hour,Rating 4.97 out of 5,121 reviews,From $11/person
Mezcal & Tequila Cocktail Masterclass,Mexico,1.5 hours,Rating 4.96 out of 5,50 reviews,From $23/person
Meditation with a Japanese Buddhist Monk,Japan,1 hour,Rating 4.92 out of 5,826 reviews,From $15/person
SECRETS of Mobile Photo by NatGeo Winner,Spain,0.75 hour,Rating 5 out of 5,173 reviews,From $3/person
Fun Argentine Wine Class with Local Somm,Argentina,1.5 hours,Rating 4.98 out of 5,301 reviews,From $7/person
"Tokyo's Daily Life, Health, Culture, Mindset, Meal, Gods, Anime, Tourist Spots",Japan,1.5 hours,Rating 4.95 out of 5,147 reviews,From $12/person
A Sandwich Masterclass with a Pro,United States,1 hour,Rating 5 out of 5,93 reviews,From $9/person
All About Mezcal with a Oaxaca Sommelier,United States,1.5 hours,Rating 4.96 out of 5,126 reviews,From $14/person
Spiced Wines of the Past with an Archaeologist,Italy,1 hour,Rating 4.98 out of 5,188 reviews,From $17/person
Come & Zoom Around Madrid With A Local,Spain,1.25 hours,Rating 5 out of 5,65 reviews,From $14/person
Discover Buenos Aires Street Art & more!,Argentina,1 hour,Rating 4.96 out of 5,174 reviews,From $10/person
Taste Of India On Your Plate,India,1.5 hours,Rating 5 out of 5,68 reviews,From $14/person
Kenyan Home Cooking from my Family Kitchen,Kenya,1.5 hours,Rating 4.98 out of 5,103 reviews,From $20/person
"Happy Hour: Spritz, Nibbles&Vodka Sorbet",Italy,1 hour,Rating 5 out of 5,2 reviews,From $24/person
Learn To Make Argentine Empanadas,Colombia,2 hours,Rating 4.95 out of 5,209 reviews,From $14/person
Pompeii w/an Archaeologist: Love & Eros,Italy,1 hour,Rating 5 out of 5,1 review,From $12/person
Cooking with a Moroccan Family,Morocco,1.5 hours,Rating 4.97 out of 5,275 reviews,From $13/person
Coloured Pasta and Chocolate Volcano,Italy,1.5 hours,Rating 4.99 out of 5,118 reviews,From $21/person
Chocolate Origins & Create with a Maker,Jamaica,1 hour,Rating 5 out of 5,52 reviews,From $10/person
Medellin: From violence to innovation,Colombia,1.5 hours,Rating 5 out of 5,17 reviews,From $18/person
Zen Eating to Enrich Your Life,Japan,1 hour,Rating 5 out of 5,59 reviews,From $8/person
"Tamales Fiesta, from a Mexican Chef",Mexico,2 hours,Rating 5 out of 5,16 reviews,From $27/person
Drink and Draw,Portugal,1.5 hours,Rating 4.95 out of 5,286 reviews,From $18/person
GINspiration History & Cocktails at Home,United Kingdom,1.5 hours,Rating 4.96 out of 5,464 reviews,From $20/person
Explore Card Magic,Ukraine,1 hour,Rating 5 out of 5,95 reviews,From $16/person
Drawn from Within with a New York Artist,United States,1 hour,Rating 5 out of 5,209 reviews,From $12/person
All About Mezcal with a Oaxaca Sommelier,United States,1.5 hours,Rating 4.96 out of 5,126 reviews,From $14/person
Fall in Laugh,Portugal,1 hour,Rating 4.96 out of 5,274 reviews,From $13/person
Meet the Dogs of Chernobyl,Ukraine,1 hour,Rating 4.97 out of 5,398 reviews,From $52/person
Meet My Bees,Portugal,1 hour,Rating 5 out of 5,61 reviews,From $14/person
The Art of Reinvention with an Olympian,United States,1 hour,Rating 4.98 out of 5,60 reviews,From $31/person
Spiced Wines of the Past with an Archaeologist,Italy,1 hour,Rating 4.98 out of 5,188 reviews,From $12/person
Happiness Meditation with Chocolate,Mexico,1 hour,Rating 4.95 out of 5,193 reviews,From $9/person
Meet & Learn How Guide Dogs are Trained,Canada,1 hour,Rating 4.94 out of 5,34 reviews,From $14/person
The Great Pasta Journey,Italy,1.75 hours,Rating 4.99 out of 5,136 reviews,From $24/person
Secrets of Japanese Whiskey,Japan,1 hour,Rating 4.97 out of 5,33 reviews,From $12/person
Dumpling Making from my Family Recipe,United States,2 hours,Rating 5 out of 5,83 reviews,From $35/person
Learn to Collage with a Barcelona Artist,Spain,1.5 hours,Rating 5 out of 5,91 reviews,From $13/person
Create a Winning Mindset of an Olympian,United Kingdom,1.5 hours,Rating 5 out of 5,21 reviews,From $32/person
Learn to Cook Cape Malay Curry,South Africa,1.5 hours,Rating 4.98 out of 5,98 reviews,From $17/person
Confidence Coaching with an Olympian,United Kingdom,1 hour,Rating 4.94 out of 5,18 reviews,From $11/person
Meet the Woolly Sheep on My Farm,New Zealand,1 hour,Rating 4.9 out of 5,241 reviews,From $11/person
Secrets of Magic,United Kingdom,1.5 hours,Rating 4.97 out of 5,444 reviews,From $25/person
Propagating Plants with Hilton Carter,United States,1.5 hours,Rating 4.97 out of 5,617 reviews,From $35/person
Solve the Mystery Escape Room,Poland,1.5 hours,Rating 4.96 out of 5,124 reviews,From $19/person
Meet the Woolly Sheep on My Farm,New Zealand,1 hour,Rating 4.9 out of 5,241 reviews,From $11/person
Living Room Legends Scavenger Hunt Game,United States,1 hour,Rating 4.94 out of 5,33 reviews,From $6/person
Make Japanese Souffle Pancakes At Home,United States,1 hour,Rating 4.98 out of 5,43 reviews,From $15/person
cLock Down the Interactive Live Musical,Portugal,1.5 hours,Rating 5 out of 5,68 reviews,From $27/person
Explore Kyoto Where Unique Old Gods Live,Japan,1.5 hours,Rating 4.95 out of 5,110 reviews,From $10/person
Mezcal & Tequila Cocktail Masterclass,Mexico,1.5 hours,Rating 4.96 out of 5,50 reviews,From $23/person
Drawn from Within with a New York Artist,United States,1 hour,Rating 5 out of 5,209 reviews,From $12/person
Harry Potter Virtual London Walking Tour,United Kingdom,1.5 hours,Rating 5 out of 5,33 reviews,From $9/person
Coloured Pasta and Chocolate Volcano,Italy,1.5 hours,Rating 4.99 out of 5,118 reviews,From $14/person
All About Coffee With a Colombian Pro Taster & Barista,Colombia,1 hour,Rating 4.86 out of 5,139 reviews,From $7/person
Interactive Magic and Illusion Show,United States,1 hour,Rating 5 out of 5,68 reviews,From $20/person
Make Gnocchi and Ravioli at Home,Italy,1.5 hours,Rating 4.94 out of 5,48 reviews,From $21/person
Wine Class with a Cool Wine Expert,Portugal,1 hour,Rating 4.97 out of 5,480 reviews,From $16/person
Fun Argentine Wine Class with Local Somm,Argentina,1.5 hours,Rating 4.98 out of 5,301 reviews,From $7/person
"Irish Village, History, Culture & Craic",Ireland,1 hour,Rating 4.97 out of 5,121 reviews,From $11/person
Discover Buenos Aires Street Art & more!,Argentina,1 hour,Rating 4.96 out of 5,174 reviews,From $5/person
Learn To Make Argentine Empanadas,Colombia,2 hours,Rating 4.95 out of 5,209 reviews,From $10/person
Italian Tiramisù Gelato - Grandma recipe,Italy,1.5 hours,,,From $10/person
On the Trail of the Crazy Rich Asians,Singapore,1 hour,Rating 5 out of 5,2 reviews,From $6/person
"Happy Hour: Spritz, Nibbles&Vodka Sorbet",Italy,1 hour,Rating 5 out of 5,2 reviews,From $24/person
Delicious Recipes Using Kimchi,South Korea,1.5 hours,Rating 5 out of 5,1 review,From $4/person
Easy Authentic Kimchi with a Food Writer,United Kingdom,1 hour,Rating 5 out of 5,7 reviews,From $6/person
Anna's Secret Belgian Fries & Chocolate,Belgium,1.5 hours,,,From $21/person
"Italian Art, a Painter's Point of View",Italy,1.5 hours,,,From $18/person
Learn New Things with Two-Minute Talks,Colombia,1.25 hours,,,From $6/person
Instrumental Meditation With Johnson,Kenya,1.5 hours,,,From $25/person
Make Almond Milk in a Sicilian Farm,Italy,1 hour,Rating 5 out of 5,3 reviews,From $24/person
Dance with a Jamaican,Jamaica,1 hour,Rating 5 out of 5,1 review,From $15/person
A Unique Guitar Lesson for Everyone,Greece,1.25 hours,,,From $18/person
Discover Interior design secrets,Italy,1 hour,,,From $26/person
Learn the Basics of Faux Calligraphy,India,1.5 hours,,,From $31/person
Table styling using everyday things,India,1 hour,,,From $35/person
Fashion Illustration by Shivan & Narresh,India,1 hour,,,From $31/person
あっくんと渋谷酒学↑,Japan,1 hour,,,From $10/person
Cooking in the Basque Tradition,United States,1.5 hours,,,From $5/person
Interactive Magic & Mentalism Show,United States,1 hour,,,From $40/person
Become a Ramen Expert,Japan,1.25 hours,,,From $10/person
Tokyo Craft Cocktail - DJ Bar Azumaya -,Japan,1 hour,,,From $10/person
Perfect the Pivot with a Paralympian,United States,1 hour,,,From $19/person
Olympic Level Karate & Home Workout,Turkey,1 hour,,,From $19/person
"One Day in Shibuya, Tokyo",Japan,1.25 hours,,,From $5/person
Draw amazing Thai Illustration,Thailand,1.5 hours,,,From $10/person
Secrets of a Michelin-starred Chef,Singapore,1.5 hours,,,From $34/person
ＫＡＢＡ．ちゃんと渋谷再発見ーバーチャルお散歩,Japan,1 hour,,,From $29/person
Teacense (Tea Incense),Japan,0.5 hour,,,From $0/person
A big love to Viet cuisine- spring rolls,Vietnam,1 hour,,,From $9/person
Expert Fingerprint Masterclass,United Kingdom,1 hour,,,From $14/person
Experience Bucharest in Communist Times,Romania,2 hours,,,From $15/person
Divination with Maya Spiritual Guide,Mexico,1.25 hours,Rating 5 out of 5,2 reviews,From $68/person
Mindset Coaching with Canadian Wrestler,Canada,1 hour,,,From $16/person
Bring the Dog to Family Nacho Party,United States,1 hour,,,From $11/person
Easy Dishes w/ Tastemade Chef Frankie,United States,1 hour,,,From $30/person
"Pablo Escobar, Angel or Demon",Colombia,1 hour,,,From $10/person
Drinks with Three Time Olympic Medalist,United States,1 hour,Rating 5 out of 5,1 review,From $30/person
Moroccan Henna Art Discovery,Morocco,1 hour,,,From $22/person
Stretching class with an Olympic Gymnast,Qatar,1 hour,,,From $15/person
Wildlife & Horses Virtual Safari & Quiz,South Africa,1.5 hours,,,From $23/person
Michelin Star Chef - Jun Lee,South Korea,1 hour,,,From $41/person
Archaeology of Leaves Art Experience,Spain,2 hours,,,From $29/person
Mindful Movement with an Olympian,Canada,1 hour,,,From $8/person
Arcilla casera en familia,Portugal,1.5 hours,,,From $14/person
Medellin's Sights & Stories with a Local,Colombia,1.5 hours,,,From $10/person
Classic Cocktails w/a Touch of Singapore,Singapore,1.5 hours,,,From $23/person
Engaging Hands-On Virtual Cocktail Class,United States,1 hour,,,From $22/person
"A Tour of Historic Shibuya, Local Area",Japan,1 hour,,,From $12/person
Hockey Skills and Q / A with Olympian,United Kingdom,1 hour,,,From $13/person
Kitchen Cocktails with Mixologist Pankaj,India,1 hour,,,From $21/person
cLock Down the Interactive Live Musical,Portugal,1.5 hours,Rating 5 out of 5,68 reviews,From $27/person
Wonders of Pompeii with an Archaeologist,Italy,1 hour,Rating 4.97 out of 5,186 reviews,From $18/person
Virtual Walk-through Athens Street Art,Greece,1 hour,Rating 4.98 out of 5,126 reviews,From $6/person
Secrets of Venice with a Born Venetian,Italy,1 hour,Rating 4.97 out of 5,63 reviews,From $11/person
Harry Potter Magic in Edinburgh Tour,United Kingdom,1 hour,Rating 4.97 out of 5,86 reviews,From $9/person
Cook Greek with Julia,Greece,2 hours,Rating 4.98 out of 5,52 reviews,From $22/person
Wine Class with a Cool Wine Expert,Portugal,1 hour,Rating 4.97 out of 5,480 reviews,From $22/person
Fun Argentine Wine Class with Local Somm,Argentina,1.5 hours,Rating 4.98 out of 5,301 reviews,From $9/person
"Irish Village, History, Culture & Craic",Ireland,1 hour,Rating 4.97 out of 5,121 reviews,From $11/person
Lets Explore the Pink City Jaipur,India,1 hour,Rating 5 out of 5,30 reviews,From $7/person
"Tokyo's Daily Life, Health, Culture, Mindset, Meal, Gods, Anime, Tourist Spots",Japan,1.5 hours,Rating 4.95 out of 5,147 reviews,From $15/person
A Sandwich Masterclass with a Pro,United States,1 hour,Rating 5 out of 5,93 reviews,From $9/person
Tarot Reading and Meditation,India,0.75 hour,Rating 4.94 out of 5,47 reviews,From $35/person
Flamenco Dance Class with a Real Dancer,Spain,1 hour,Rating 5 out of 5,39 reviews,From $11/person
"Kyoto Zen Garden, Zen Mind",Japan,1.5 hours,Rating 5 out of 5,61 reviews,From $15/person
All About Mezcal with a Oaxaca Sommelier,United States,1.5 hours,Rating 4.96 out of 5,126 reviews,From $14/person
Spiced Wines of the Past with an Archaeologist,Italy,1 hour,Rating 4.98 out of 5,188 reviews,From $17/person
Make Japanese Souffle Pancakes At Home,United States,1 hour,Rating 4.98 out of 5,43 reviews,From $15/person
New Zealand Nature Highlights,New Zealand,1 hour,Rating 4.92 out of 5,49 reviews,From $6/person
Lessons from Apartheid,South Africa,1 hour,Rating 4.82 out of 5,230 reviews,From $12/person
Goal Setting with Olympic Gold Medalist,United States,1 hour,Rating 4.98 out of 5,162 reviews,From $43/person
Trigger Point Therapy with an Olympian,United States,1 hour,Rating 4.98 out of 5,60 reviews,From $25/person
Confidence Coaching with an Olympian,United Kingdom,1 hour,Rating 4.94 out of 5,18 reviews,From $11/person
How to Cultivate Optimism with an Olympian,United States,1 hour,Rating 4.96 out of 5,79 reviews,From $20/person
The Art of Reinvention with an Olympian,United States,1 hour,Rating 4.98 out of 5,60 reviews,From $31/person
Master Volleyball w/ Five Time Olympian,United States,1 hour,,,From $12/person
Olympic Pole Vaulter's Six-Pack Workout,United States,1 hour,Rating 5 out of 5,3 reviews,From $20/person
My Road to Success with Prosthetic Arms,United Kingdom,1.25 hours,Rating 5 out of 5,7 reviews,From $17/person
The Olympic Dream and Workout Of the Day,Brazil,1 hour,Rating 5 out of 5,8 reviews,From $20/person
Bobsled session with an Olympian,France,1 hour,,,From $14/person
Create a Winning Mindset of an Olympian,United Kingdom,1.5 hours,Rating 5 out of 5,21 reviews,From $32/person
Recovery Techniques with an Olympian,Canada,1 hour,Rating 5 out of 5,2 reviews,From $18/person
Calligraphy Qigong on a Beautiful Beach,Australia,1 hour,Rating 4.96 out of 5,25 reviews,From $18/person
Win the Morning like an Olympian,Canada,1.5 hours,Rating 5 out of 5,19 reviews,From $23/person
Positive Thinking with a Paralympic Hero,United Kingdom,1.5 hours,Rating 5 out of 5,14 reviews,From $24/person
Olympic Level Karate & Home Workout,Turkey,1 hour,,,From $19/person
Smart Goals with Gold Medal Aussie Diver,Australia,1 hour,Rating 5 out of 5,2 reviews,From $25/person
Career Coaching with an Olympian,United States,1 hour,Rating 4.8 out of 5,5 reviews,From $19/person
Five Country Tour w/Five Time Olympian,United States,1 hour,Rating 4.9 out of 5,10 reviews,From $20/person
Super Strengths With A Gold Medal Couple,United Kingdom,1 hour,Rating 5 out of 5,6 reviews,From $39/person
Drinks with Three Time Olympic Medalist,United States,1 hour,Rating 5 out of 5,1 review,From $30/person
Achieve Goals with Three Time Olympian,United States,1 hour,Rating 4.92 out of 5,12 reviews,From $40/person
Stretching class with an Olympic Gymnast,Qatar,1 hour,,,From $15/person
Mindful Movement with an Olympian,Canada,1 hour,,,From $8/person
Olympic Mindset Coaching Session,United Kingdom,1 hour,Rating 4.83 out of 5,6 reviews,From $32/person
"The Pursuit of Simple, Slower, and Less",Spain,1 hour,Rating 5 out of 5,1 review,From $21/person
Mind & Body MasterClass with an Olympian,United States,1.5 hours,Rating 4.98 out of 5,49 reviews,From $20/person
Performing Under Olympic Pressure,United Kingdom,1 hour,Rating 5 out of 5,4 reviews,From $32/person
Fulfilling Core Purpose With An Olympian,Spain,1.5 hours,Rating 5 out of 5,3 reviews,From $35/person
Twists & Turns Matthew Mitcham’s story,Australia,1 hour,Rating 5 out of 5,2 reviews,From $25/person
Gold Medal HIIT with Olympic Champion,United Kingdom,1 hour,Rating 5 out of 5,62 reviews,From $20/person
Hockey Skills and Q / A with Olympian,United Kingdom,1 hour,,,From $13/person
Living Childhood Dreams with an Olympian,Ecuador,1 hour,,,From $15/person
Zumba in Paradise with an Olympian,United States,1.5 hours,Rating 5 out of 5,20 reviews,From $15/person
Life Lessons From My Olympic Journey!,United States,1 hour,Rating 4.98 out of 5,83 reviews,From $35/person
Live the Life & Train like an Olympian,United Kingdom,1.25 hours,Rating 5 out of 5,2 reviews,From $26/person
Deep Breathing with Olympic Runner,United States,1 hour,Rating 5 out of 5,4 reviews,From $20/person
Goal setting with a Paralympic Champion,Czech Republic,1 hour,Rating 5 out of 5,9 reviews,From $16/person
Olympic Mindset & Movement masterclass,United Kingdom,1 hour,,,From $26/person
Olympic health & fitness with kids,United States,1 hour,,,From $20/person
Competing with Type1 with Gold Medalist,United States,1 hour,,,From $50/person
Live Workout and Q&A with an Olympian,Belgium,1.5 hours,Rating 4.98 out of 5,49 reviews,From $24/person
Salmon Dinner with Olympic Runner,United States,1 hour,Rating 5 out of 5,4 reviews,From $20/person
Tackle Stress like a Paralympic Medalist,Canada,1 hour,,,From $22/person
Big Dreams & Stories with a Paralympian,Canada,1.5 hours,,,From $14/person
Cross training fencing with an Olympian,France,1 hour,Rating 5 out of 5,2 reviews,From $29/person
Making Music with a Kenyan Olympian,United States,1 hour,,,From $20/person
Hatha Yoga with Olympic Champion,United Kingdom,1 hour,Rating 5 out of 5,19 reviews,From $20/person
Virtual Skiing with a Gold Medalist,Italy,1 hour,Rating 5 out of 5,2 reviews,From $24/person
Olympian Motivation and Coaching Session,New Zealand,1 hour,,,From $40/person
Follow a Plague Doctor Through Prague,Czech Republic,1.5 hours,Rating 4.92 out of 5,952 reviews,From $18/person
cLock Down the Interactive Live Musical,Portugal,1.5 hours,Rating 5 out of 5,68 reviews,From $27/person
Sangria and Secrets with Drag Queens,Portugal,1.5 hours,Rating 4.96 out of 5,2145 reviews,From $35/person
Meditation with a Japanese Buddhist Monk,Japan,1 hour,Rating 4.92 out of 5,826 reviews,From $10/person
GINspiration History & Cocktails at Home,United Kingdom,1.5 hours,Rating 4.96 out of 5,464 reviews,From $20/person
Propagating Plants with Hilton Carter,United States,1.5 hours,Rating 4.97 out of 5,617 reviews,From $35/person
Cook Mexican Street Tacos with a Pro Chef,Mexico,1.5 hours,Rating 4.97 out of 5,586 reviews,From $21/person
'True vs False' Funny Historical Game,Greece,1 hour,Rating 4.96 out of 5,252 reviews,From $9/person
Explore Kyoto Where Unique Old Gods Live,Japan,1.5 hours,Rating 4.95 out of 5,110 reviews,From $10/person
Meet the Dogs of Chernobyl,Ukraine,1 hour,Rating 4.97 out of 5,398 reviews,From $52/person
Wonders of Pompeii with an Archaeologist,Italy,1 hour,Rating 4.97 out of 5,186 reviews,From $12/person
Virtual Walk-through Athens Street Art,Greece,1 hour,Rating 4.98 out of 5,126 reviews,From $3/person
SECRETS of Mobile Photo by NatGeo Winner,Spain,0.75 hour,Rating 5 out of 5,173 reviews,From $2/person
Secrets of Venice with a Born Venetian,Italy,1 hour,Rating 4.97 out of 5,63 reviews,From $11/person
Coffee Masterclass with National Judge,Mexico,1 hour,Rating 4.97 out of 5,1103 reviews,From $8/person
Harry Potter Magic in Edinburgh Tour,United Kingdom,1 hour,Rating 4.97 out of 5,86 reviews,From $8/person
Cook Greek with Julia,Greece,2 hours,Rating 4.98 out of 5,52 reviews,From $18/person
Wine Class with a Cool Wine Expert,Portugal,1 hour,Rating 4.97 out of 5,480 reviews,From $16/person
Fun Argentine Wine Class with Local Somm,Argentina,1.5 hours,Rating 4.98 out of 5,301 reviews,From $7/person
"Irish Village, History, Culture & Craic",Ireland,1 hour,Rating 4.97 out of 5,121 reviews,From $11/person
Lets Explore the Pink City Jaipur,India,1 hour,Rating 5 out of 5,30 reviews,From $4/person
"Tokyo's Daily Life, Health, Culture, Mindset, Meal, Gods, Anime, Tourist Spots",Japan,1.5 hours,Rating 4.95 out of 5,147 reviews,From $12/person
Samurai Gallery & Martial Arts Lesson,Japan,1 hour,Rating 4.9 out of 5,20 reviews,From $10/person
A Sandwich Masterclass with a Pro,United States,1 hour,Rating 5 out of 5,93 reviews,From $9/person
Tarot Reading and Meditation,India,0.75 hour,Rating 4.94 out of 5,47 reviews,From $35/person
Flamenco Dance Class with a Real Dancer,Spain,1 hour,Rating 5 out of 5,39 reviews,From $9/person
"Kyoto Zen Garden, Zen Mind",Japan,1.5 hours,Rating 5 out of 5,61 reviews,From $12/person
All About Mezcal with a Oaxaca Sommelier,United States,1.5 hours,Rating 4.96 out of 5,126 reviews,From $14/person
Spiced Wines of the Past with an Archaeologist,Italy,1 hour,Rating 4.98 out of 5,188 reviews,From $12/person
Make Japanese Souffle Pancakes At Home,United States,1 hour,Rating 4.98 out of 5,43 reviews,From $15/person
New Zealand Nature Highlights,New Zealand,1 hour,Rating 4.92 out of 5,49 reviews,From $6/person
Lessons from Apartheid,South Africa,1 hour,Rating 4.82 out of 5,230 reviews,From $12/person
One Day in Paris with a Parisian,France,1 hour,Rating 4.96 out of 5,702 reviews,From $17/person
Italian Tiramisù Gelato - Grandma recipe,Italy,1.5 hours,,,From $10/person
Drawn from Within with a New York Artist,United States,1 hour,Rating 5 out of 5,209 reviews,From $12/person
Come & Zoom Around Madrid With A Local,Spain,1.25 hours,Rating 5 out of 5,65 reviews,From $4/person
Piano Meditation Concert Paris,France,1 hour,Rating 4.99 out of 5,86 reviews,From $10/person
Easy Balinese Vegetarian Home Cooking,Indonesia,1.75 hours,Rating 4.97 out of 5,205 reviews,From $18/person
Discover Buenos Aires Street Art & more!,Argentina,1 hour,Rating 4.96 out of 5,174 reviews,From $5/person
On the Trail of the Crazy Rich Asians,Singapore,1 hour,Rating 5 out of 5,2 reviews,From $6/person
Taste Of India On Your Plate,India,1.5 hours,Rating 5 out of 5,68 reviews,From $7/person
Explore Card Magic,Ukraine,1 hour,Rating 5 out of 5,95 reviews,From $16/person
Meet a Real Life Shark Scientist,South Africa,1.5 hours,Rating 4.98 out of 5,444 reviews,From $18/person
Tortuguero and the green turtle,Costa Rica,1 hour,Rating 5 out of 5,5 reviews,From $10/person
Fran Argentine Empanadas & Chimichurri,Argentina,2 hours,Rating 4.97 out of 5,66 reviews,From $5/person
Kenyan Home Cooking from my Family Kitchen,Kenya,1.5 hours,Rating 4.98 out of 5,103 reviews,From $13/person
Bring Flavors of India to Life at Home,India,2 hours,Rating 4.98 out of 5,312 reviews,From $28/person
"Happy Hour: Spritz, Nibbles&Vodka Sorbet",Italy,1 hour,Rating 5 out of 5,2 reviews,From $24/person
Make Pasta and Live Opera in the Kitchen,Italy,2 hours,Rating 4.99 out of 5,468 reviews,From $29/person
Living Room Legends Scavenger Hunt Game,United States,1 hour,Rating 4.94 out of 5,33 reviews,From $6/person
An Evening with a Flamenco Composer,Spain,1 hour,Rating 4.92 out of 5,177 reviews,From $10/person
Rum Cocktail Masterclass With a Pro,United Kingdom,1.5 hours,Rating 5 out of 5,59 reviews,From $13/person
Learn To Make Argentine Empanadas,Colombia,2 hours,Rating 4.95 out of 5,209 reviews,From $10/person
Sake Secrets from Japan's Oldest Brewery,Japan,1 hour,Rating 4.96 out of 5,345 reviews,From $10/person
Secrets of Hollywood Sound FX,United States,1 hour,Rating 4.98 out of 5,212 reviews,From $39/person
7 Wonders of Lisbon,Portugal,1.5 hours,Rating 4.93 out of 5,183 reviews,From $12/person
Pompeii w/an Archaeologist: Love & Eros,Italy,1 hour,Rating 5 out of 5,1 review,From $12/person
Gods of India,India,1.25 hours,Rating 4.95 out of 5,19 reviews,From $0/person
Cooking with a Moroccan Family,Morocco,1.5 hours,Rating 4.97 out of 5,275 reviews,From $11/person
Cook Spanish Paella with a Top Chef,Spain,1.5 hours,Rating 4.97 out of 5,143 reviews,From $20/person
Drink and Draw,Portugal,1.5 hours,Rating 4.95 out of 5,286 reviews,From $18/person
Coloured Pasta and Chocolate Volcano,Italy,1.5 hours,Rating 4.99 out of 5,118 reviews,From $14/person
Chocolate Origins & Create with a Maker,Jamaica,1 hour,Rating 5 out of 5,52 reviews,From $10/person
Once Upon a Time - Read Korean Folktales,South Korea,1 hour,Rating 4.94 out of 5,52 reviews,From $1/person
Intro to Writing & Publishing Books,United States,1 hour,Rating 5 out of 5,51 reviews,From $12/person
Solve the Mystery Escape Room,Poland,1.5 hours,Rating 4.96 out of 5,124 reviews,From $19/person
Tango Concert with Latin Grammy Nominee,Argentina,1.5 hours,Rating 4.98 out of 5,653 reviews,From $10/person
Red Carpet Glam Celebrity Beauty Stylist,United States,1 hour,Rating 5 out of 5,3 reviews,From $10/person
Identify Leopards With A Safari Guide,Sri Lanka,1.25 hours,Rating 4.98 out of 5,66 reviews,From $9/person
Basic Respiration Meditation,Japan,1 hour,Rating 5 out of 5,18 reviews,From $5/person
Medellin: From violence to innovation,Colombia,1.5 hours,Rating 5 out of 5,17 reviews,From $18/person
Pastel de Nata Baking Class,Portugal,1.5 hours,Rating 5 out of 5,57 reviews,From $18/person
Harry Potter Virtual London Walking Tour,United Kingdom,1.5 hours,Rating 5 out of 5,33 reviews,From $9/person
The Art of Turkish Breakfast with Burak,Turkey,1.5 hours,Rating 4.97 out of 5,75 reviews,From $10/person
Meet the Woolly Sheep on My Farm,New Zealand,1 hour,Rating 4.9 out of 5,241 reviews,From $11/person
An Irishman's Guide to Irish Whiskey,Ireland,1 hour,Rating 5 out of 5,28 reviews,From $12/person
Animal Sanctuary Virtual Experience,United States,0.5 hour,Rating 5 out of 5,2 reviews,From $5/person
"Moroccan Cooking and Baking class with chef Najla : Tagine, Pastries and Crepes",Morocco,2 hours,Rating 5 out of 5,18 reviews,From $12/person
Make Gnocchi and Ravioli at Home,Italy,1.5 hours,Rating 4.94 out of 5,48 reviews,From $21/person
Intuitive Tarot Reading and Meditation,Canada,1.25 hours,Rating 4.81 out of 5,31 reviews,From $40/person
Bake Scottish Shortbread and Cranachan,United Kingdom,1.5 hours,Rating 5 out of 5,9 reviews,From $16/person
Southern Italian Dishes with Chef Paolo,Italy,1 hour,,,From $47/person
Red Carpet Glam Celebrity Beauty Stylist,United States,1 hour,Rating 5 out of 5,3 reviews,From $10/person
Treasure Hunt - The Forgotten Recipe,Italy,1 hour,Rating 5 out of 5,28 reviews,From $12/person
Sweet Treats with a Mexico City Chef,Mexico,2 hours,Rating 4.99 out of 5,146 reviews,From $20/person
Family in the kitchen - ChOuQuette,France,1 hour,Rating 5 out of 5,6 reviews,From $12/person
Paella Experience with a Pro,Spain,1.5 hours,Rating 5 out of 5,16 reviews,From $29/person
Make Japanese Souffle Pancakes At Home,United States,1 hour,Rating 4.98 out of 5,43 reviews,From $15/person
The Secrets of Chiang Mai,Thailand,1 hour,Rating 4.95 out of 5,66 reviews,From $9/person
Balinese Water Blessing Ritual,Indonesia,1 hour,Rating 5 out of 5,21 reviews,From $28/person
Master Northern Thai Dish with Insider,Thailand,1 hour,Rating 4.97 out of 5,38 reviews,From $9/person
Drinks with Three Time Olympic Medalist,United States,1 hour,Rating 5 out of 5,1 review,From $30/person
Portuguese Tapas Class,Portugal,1.5 hours,Rating 4.97 out of 5,262 reviews,From $18/person
Learn to Collage with a Barcelona Artist,Spain,1.5 hours,Rating 5 out of 5,91 reviews,From $13/person
LGBTQ Culture & Nightlife,United Kingdom,1.5 hours,Rating 5 out of 5,4 reviews,From $6/person
"Science, Facts & Fun with a Shark Expert",South Africa,1.25 hours,Rating 5 out of 5,34 reviews,From $14/person
Crepes & Hazelnut spread by Notre-Dame,France,1.5 hours,Rating 5 out of 5,24 reviews,From $18/person
Work Out With a Pro Circus Acrobat,United States,1 hour,Rating 5 out of 5,22 reviews,From $8/person
Slang Sign Language Music Interpreting,United States,1.5 hours,Rating 5 out of 5,17 reviews,From $25/person
Mindful Movement with an Olympian,Canada,1 hour,,,From $8/person
Kitchen Cocktails with Mixologist Pankaj,India,1 hour,,,From $21/person
Guided Meditation with Sleepy Sheep,United Kingdom,1 hour,Rating 4.97 out of 5,394 reviews,From $13/person
Olympic Champion's Sailing Journey,United Kingdom,1 hour,Rating 4.92 out of 5,12 reviews,From $32/person
Lets Explore the Pink City Jaipur,India,1 hour,Rating 5 out of 5,30 reviews,From $4/person
Day in the Life of a Las Vegas Dancer,United States,1 hour,Rating 5 out of 5,1 review,From $20/person
Tokyo Beautiful Decorative Sushi Making,Japan,1 hour,Rating 5 out of 5,7 reviews,From $15/person
Celebrity Chef Seafood Cooking Class,United States,2 hours,,,From $50/person
Fun & Games Improv Class for Beginners,Mexico,1.5 hours,Rating 5 out of 5,16 reviews,From $6/person
Taste of Tuscany with Chef Gaetano,Italy,1 hour,,,From $70/person
Classic Cocktails w/a Touch of Singapore,Singapore,1.5 hours,,,From $23/person
Learn the Secrets of Singapore Kaya Jam,Singapore,1.5 hours,Rating 5 out of 5,1 review,From $26/person
Chop Like a Chef: Knife Skills Class,United States,2 hours,Rating 5 out of 5,5 reviews,From $25/person
Family Pasta Making Experience,United States,1 hour,Rating 5 out of 5,1 review,From $17/person
Private Astrology Reading & Natal Chart,Spain,1 hour,Rating 5 out of 5,60 reviews,From $76/person
Confidence Coaching with an Olympian,United Kingdom,1 hour,Rating 4.94 out of 5,18 reviews,From $11/person
Explore a Winery in Douro Valley,Portugal,1.25 hours,Rating 5 out of 5,13 reviews,From $16/person
Queer Poetry Workshop for a Good Cause,United States,1 hour,Rating 5 out of 5,3 reviews,From $10/person
Heal Stress Through Art Therapy,Spain,1 hour,Rating 5 out of 5,37 reviews,From $41/person
The Whole Truth About Leonardo da Vinci,Italy,1 hour,Rating 5 out of 5,38 reviews,From $22/person
Fall in Laugh,Portugal,1 hour,Rating 4.96 out of 5,274 reviews,From $13/person
Songwriting with a Nashville Musician,United States,1.5 hours,Rating 4.98 out of 5,51 reviews,From $38/person
Creative Smartphone Photography at Home,Germany,1 hour,Rating 4.98 out of 5,194 reviews,From $20/person
The Secret of World Champion Tiramisu,Italy,1 hour,Rating 4.98 out of 5,110 reviews,From $24/person
Into the Mystical Music of Lisbon Fado,Portugal,1 hour,Rating 4.98 out of 5,58 reviews,From $18/person
French Crepe with Apples Cooking Class,France,1 hour,Rating 4.96 out of 5,130 reviews,From $10/person
Discover History through Escape Rooms,Italy,1 hour,Rating 4.93 out of 5,254 reviews,From $12/person
Farm to Table from the Mediterranean,Croatia,1.5 hours,Rating 4.99 out of 5,352 reviews,From $17/person
Magic & Illusion with a Master Magician,Australia,1 hour,Rating 4.97 out of 5,38 reviews,From $15/person
Master Northern Thai Dish with Insider,Thailand,1 hour,Rating 4.97 out of 5,38 reviews,From $9/person
The Secret Jazz Club,Netherlands,1 hour,Rating 4.96 out of 5,142 reviews,From $14/person
Personal Astrology Workshop,Portugal,1 hour,Rating 4.98 out of 5,112 reviews,From $39/person
"From My house to Yours, Thai Cooking",Thailand,2 hours,Rating 4.94 out of 5,87 reviews,From $17/person
Virtual Jack the Ripper London Tour,United Kingdom,1 hour,Rating 5 out of 5,6 reviews,From $9/person
Moroccan Home Cooking or pastries,Morocco,1.5 hours,Rating 4.98 out of 5,162 reviews,From $14/person
Explore a Winery in Douro Valley,Portugal,1.25 hours,Rating 5 out of 5,13 reviews,From $16/person
Tango Lesson Where Passion and Fun Meet,Spain,1 hour,Rating 5 out of 5,136 reviews,From $12/person
Tango Intro by Argentinian Experts,Argentina,1 hour,Rating 4.98 out of 5,94 reviews,From $10/person
Cat Behavior Help with a Behavior Pro,United States,1.25 hours,Rating 5 out of 5,9 reviews,From $15/person
Baking Egg Tarts with Netflix Food Guide,Hong Kong,1.75 hours,Rating 4.97 out of 5,64 reviews,From $7/person
How to Cultivate Optimism with an Olympian,United States,1 hour,Rating 4.96 out of 5,79 reviews,From $20/person
Cocktail Masterclass With Uk Champion,United Kingdom,1 hour,Rating 5 out of 5,12 reviews,From $7/person
Have Fun Making & Eating Soup Dumplings,China,2 hours,Rating 5 out of 5,39 reviews,From $18/person
Barre Class from the Sydney Opera House,Australia,1 hour,Rating 5 out of 5,6 reviews,From $8/person
Sustainable Portuguese cooking class,Portugal,1.5 hours,Rating 5 out of 5,46 reviews,From $13/person
Caravaggio The Bad Boy of the Baroque,Italy,1 hour,Rating 5 out of 5,26 reviews,From $6/person
Skincare and Natural Cosmetics Workshop,Italy,1 hour,Rating 4.97 out of 5,164 reviews,From $12/person
Learn Street Art with Street Art Malaga,Spain,1 hour,Rating 4.9 out of 5,10 reviews,From $7/person
The Art of Reinvention with an Olympian,United States,1 hour,Rating 4.98 out of 5,60 reviews,From $31/person
Bread and Moroccan Treats Made Easy,Morocco,1 hour,Rating 5 out of 5,12 reviews,From $15/person
Easy Authentic Kimchi with a Food Writer,United Kingdom,1 hour,Rating 5 out of 5,7 reviews,From $6/person
On the Farm with Mini Horses & Donkeys,United States,1 hour,Rating 5 out of 5,60 reviews,From $0/person
Sweet Treats with a Mexico City Chef,Mexico,2 hours,Rating 4.99 out of 5,146 reviews,From $20/person
Taste French Wines with a Parisian Somm,France,1.25 hours,Rating 4.94 out of 5,52 reviews,From $20/person
Art & Soul of Black Broadway,United States,1 hour,Rating 5 out of 5,8 reviews,From $20/person
Paella Experience with a Pro,Spain,1.5 hours,Rating 5 out of 5,16 reviews,From $29/person
Learn from a Brazilian Makeup Artist,Portugal,2 hours,Rating 5 out of 5,28 reviews,From $18/person
New Orleans Bounce and Twerk with MoeJoe,United States,1 hour,Rating 4.97 out of 5,117 reviews,From $20/person
Relaxing Cello Meditation Concert,Netherlands,1 hour,Rating 4.98 out of 5,545 reviews,From $10/person
Spanish Tapas Like My Grandma Used to Make,Spain,1.5 hours,Rating 4.88 out of 5,86 reviews,From $24/person
Learn to Draw with Japan's Manga University,Japan,1.5 hours,Rating 5 out of 5,39 reviews,From $20/person
Explore Stonewall Museum LGBTQ Archives,United States,1 hour,,,From $10/person
Learn to Make Pie Crust from Scratch,United States,1.5 hours,Rating 5 out of 5,9 reviews,From $15/person
Create an Illustrated Story with Family,Mexico,1 hour,Rating 4.95 out of 5,43 reviews,From $3/person
Cocktail Cabinet aka Mix it like a Pro,Singapore,1.5 hours,Rating 5 out of 5,6 reviews,From $21/person
Novel Writing with a Bestselling Author,United States,1 hour,Rating 4.97 out of 5,37 reviews,From $20/person
Dancing on the Dough: Ramen in Japan,Japan,1.5 hours,Rating 5 out of 5,6 reviews,From $24/person
Recovery Techniques with an Olympian,Canada,1 hour,Rating 5 out of 5,2 reviews,From $18/person
Fran Argentine Empanadas & Chimichurri,Argentina,2 hours,Rating 4.97 out of 5,67 reviews,From $5/person
"Drawing from Dreams, Sedona Style",United States,1 hour,Rating 5 out of 5,5 reviews,From $15/person
Write Inspired by Intuition,United States,1 hour,Rating 4.94 out of 5,107 reviews,From $17/person
Solve the Mystery Escape Room,Poland,1.5 hours,Rating 4.96 out of 5,124 reviews,From $19/person
Songwriting with a Nashville Musician,United States,1.5 hours,Rating 4.98 out of 5,51 reviews,From $38/person
"Time with Goats, Chickens & Dottie Llama",United States,1 hour,Rating 5 out of 5,6 reviews,From $20/person
Smart Goals with Gold Medal Aussie Diver,Australia,1 hour,Rating 5 out of 5,2 reviews,From $25/person
French products by a Michelin Stared Chef,France,1 hour,,,From $70/person
Engaging Hands-On Virtual Cocktail Class,United States,1 hour,,,From $22/person
Family Donut Baking Experience,United States,1 hour,,,From $20/person
Magic & Mentalism with David Rosenfeld,United States,0.75 hour,Rating 5 out of 5,10 reviews,From $15/person
Taste French Wines with a Parisian Somm,France,1.25 hours,Rating 4.94 out of 5,52 reviews,From $20/person
"Sedona, Meditation, Insight & Intuition",United States,1.5 hours,,,From $39/person
"Sedona, Meditation, Insight & Intuition",United States,1.5 hours,,,From $39/person
Cooking Colombians Empanadas & Arepas,Colombia,1.5 hours,,,From $11/person
Cook the Best Ceviche with Chef Melissa,Peru,1.5 hours,Rating 5 out of 5,25 reviews,From $27/person
Learn to Make Asian Food,Canada,1.5 hours,Rating 5 out of 5,5 reviews,From $15/person
Gods of India,India,1.25 hours,Rating 4.95 out of 5,19 reviews,From $0/person
"Pablo Escobar, Angel or Demon",Colombia,1 hour,,,From $10/person
Stories of Jewish Budapest,Hungary,1.5 hours,Rating 4.98 out of 5,63 reviews,From $14/person
Mediterranean Seafood with Chef Marc,France,1 hour,,,From $58/person
Sangria and Secrets with Drag Queens,Portugal,1.5 hours,Rating 4.96 out of 5,2145 reviews,From $35/person
Michelin Star Chef - Rishi Naleendra,Singapore,1 hour,,,From $41/person
One Day in Paris with a Parisian,France,1 hour,Rating 4.96 out of 5,702 reviews,From $17/person
Zen Eating to Enrich Your Life,Japan,1 hour,Rating 5 out of 5,59 reviews,From $8/person
Booty Shake with Colombian Choreographer,Colombia,1 hour,Rating 4.98 out of 5,47 reviews,From $8/person
Hablando de mascotas; la Dra aconseja,Colombia,1 hour,,,From $10/person
Virtual Visit to an Animal Sanctuary,United States,1 hour,Rating 4.88 out of 5,164 reviews,From $18/person
The Secret Jazz Club,Netherlands,1 hour,Rating 4.96 out of 5,142 reviews,From $14/person
Learn to Craft a Pop-Out Book,United States,1.5 hours,Rating 5 out of 5,78 reviews,From $18/person
Ukulele Lessons With Gold Record Musician,United States,1 hour,Rating 5 out of 5,4 reviews,From $45/person
Family Art Adventure with a Penguin Pro,South Africa,2 hours,Rating 4.95 out of 5,172 reviews,From $12/person
Mezcal Class by Chicago Bartender,United States,1 hour,,,From $30/person
Let Ferments Be Thy Medicine,Mexico,1.5 hours,Rating 5 out of 5,4 reviews,From $16/person
Write & Take Home a Song from Nashville,United States,2 hours,Rating 5 out of 5,9 reviews,From $80/person
Discover Gay Life in Russia,Russian Federation,1 hour,Rating 5 out of 5,15 reviews,From $11/person
Hanging With Hasidim,United States,1.25 hours,Rating 5 out of 5,7 reviews,From $8/person
"Lisbon, my Grandmother and the Locals",Portugal,1.5 hours,Rating 4.89 out of 5,28 reviews,From $4/person
Cook the Best Ceviche with Chef Melissa,Peru,1.5 hours,Rating 5 out of 5,25 reviews,From $27/person
My Road to Success with Prosthetic Arms,United Kingdom,1.25 hours,Rating 5 out of 5,7 reviews,From $17/person
"Caravaggio in Rome, A Virtual Tour",Italy,1.5 hours,Rating 4.94 out of 5,36 reviews,From $18/person
Origami and the Culture of Japan,Japan,1 hour,Rating 4.96 out of 5,51 reviews,From $15/person
Puerto Rican Salsa Dance Party,Puerto Rico,1.5 hours,Rating 4.96 out of 5,125 reviews,From $15/person
Story Time with a Children's Book Author,United States,1 hour,Rating 4.98 out of 5,85 reviews,From $7/person
"Italian Art, a Painter's Point of View",Italy,1.5 hours,,,From $18/person
"Vedic Astrology, your astral chart",Peru,1 hour,Rating 4.98 out of 5,54 reviews,From $38/person
Design an Idea in a Playful Way,France,1.5 hours,Rating 5 out of 5,5 reviews,From $14/person
Meet My Bees,Portugal,1 hour,Rating 5 out of 5,61 reviews,From $14/person
Cocktail Hour Jazz Club,United Kingdom,1 hour,Rating 4.95 out of 5,166 reviews,From $16/person
Margaritas Virtual Mixology Class,United States,1.5 hours,Rating 5 out of 5,15 reviews,From $25/person
Izakaya & Sake Culture with a Sommelier,Japan,1 hour,Rating 4.98 out of 5,43 reviews,From $9/person
Ricotta Cheesemaking in Sonoma,United States,1.5 hours,Rating 4.98 out of 5,194 reviews,From $19/person
Queer Cardio Dance w/ Drag Choreographer,United States,1 hour,Rating 5 out of 5,7 reviews,From $15/person
Crepes & Hazelnut spread by Notre-Dame,France,1.5 hours,Rating 5 out of 5,24 reviews,From $18/person
The Secret to Soulful Udon Soup,Japan,1.5 hours,Rating 5 out of 5,32 reviews,From $29/person
Relax Heal & Meditate with Sound Bowls,United States,1 hour,Rating 4.93 out of 5,14 reviews,From $22/person
The Secrets of Chiang Mai,Thailand,1 hour,Rating 4.95 out of 5,66 reviews,From $9/person
Farm Animal Trivia,Australia,1 hour,Rating 5 out of 5,8 reviews,From $18/person
Personalized Interior Design Workshop,United States,1 hour,Rating 4.94 out of 5,115 reviews,From $35/person
Irish Dance Masterclass,Ireland,1 hour,Rating 4.98 out of 5,55 reviews,From $12/person
Soundbath Meditation with a Singapore DJ,Singapore,1.5 hours,Rating 4.87 out of 5,100 reviews,From $30/person
Barcelona Storytelling with Crafts,Spain,1 hour,Rating 4.98 out of 5,135 reviews,From $8/person
Learn New Things with Two-Minute Talks,Colombia,1.25 hours,,,From $6/person
サステナブル料理人が教える、美味しいお魚の深い世界,Japan,1.5 hours,Rating 4.93 out of 5,14 reviews,From $10/person
"Design Your Espadrilles, We'll Make Them",Spain,1 hour,Rating 4.99 out of 5,108 reviews,From $98/person
Cocktail Cabinet aka Mix it like a Pro,Singapore,1.5 hours,Rating 5 out of 5,6 reviews,From $21/person
Tarot Reading & Argentinian Mate ritual,Argentina,1.5 hours,Rating 4.96 out of 5,23 reviews,From $18/person
Concert from Iceland,Iceland,1 hour,Rating 4.96 out of 5,187 reviews,From $15/person
Fun Cuban Cocktails With A Miami Insider,United States,1 hour,Rating 4.95 out of 5,80 reviews,From $12/person
Release Anxiety with Ancient Technique,Mexico,1 hour,Rating 5 out of 5,7 reviews,From $23/person
Taller Lúdico Género y Diversidad,Mexico,2 hours,Rating 5 out of 5,18 reviews,From $7/person
Travel to Peru for a Magic Show,Peru,1.5 hours,Rating 5 out of 5,11 reviews,From $16/person
Tokyo Beautiful Decorative Sushi Making,Japan,1 hour,Rating 5 out of 5,7 reviews,From $15/person
No Pool Required- Family Swim Lesson,United States,1 hour,Rating 5 out of 5,5 reviews,From $0/person
LGBTQ Culture & Nightlife,United Kingdom,1.5 hours,Rating 5 out of 5,4 reviews,From $6/person
The Olympic Dream and Workout Of the Day,Brazil,1 hour,Rating 5 out of 5,8 reviews,From $20/person
Instrumental Meditation With Johnson,Kenya,1.5 hours,,,From $25/person
The Fascinating World of Primates,Germany,1.25 hours,Rating 5 out of 5,9 reviews,From $14/person
Meet the Seals with a Marine Guide,South Africa,1.5 hours,Rating 5 out of 5,1 review,From $11/person
Draw amazing Thai Illustration,Thailand,1.5 hours,,,From $10/person
Bobsled session with an Olympian,France,1 hour,,,From $14/person
Guided Meditation with Sleepy Sheep,United Kingdom,1 hour,Rating 4.97 out of 5,394 reviews,From $13/person
The Art of Making Japanese Mochi,Japan,1.5 hours,Rating 4.99 out of 5,68 reviews,From $29/person
Fun Red Wine Tasting with a Winemaker,United States,1 hour,Rating 5 out of 5,9 reviews,From $13/person
Make Almond Milk in a Sicilian Farm,Italy,1 hour,Rating 5 out of 5,3 reviews,From $24/person
Mexico Food Trivia & Scavenger Hunt Game,Mexico,1 hour,Rating 5 out of 5,12 reviews,From $12/person
The Secrets of Vietnamese Egg Coffee,Vietnam,1 hour,Rating 5 out of 5,2 reviews,From $10/person
It's Time to Write Your Book,Australia,1 hour,Rating 4.97 out of 5,73 reviews,From $33/person
Make Swedish Pastries with a Pro Baker,Sweden,1.5 hours,Rating 4.92 out of 5,250 reviews,From $194/person
Create a Winning Mindset of an Olympian,United Kingdom,1.5 hours,Rating 5 out of 5,21 reviews,From $32/person
Get a Taste of Hawaiian Cooking & Culture,United States,1 hour,Rating 5 out of 5,6 reviews,From $15/person
Bake Scottish Shortbread and Cranachan,United Kingdom,1.5 hours,Rating 5 out of 5,9 reviews,From $16/person
Guide to American Craft Beer Culture,United States,1.5 hours,Rating 5 out of 5,5 reviews,From $13/person
Follow a Plague Doctor Through Prague,Czech Republic,1.5 hours,Rating 4.92 out of 5,952 reviews,From $18/person
Make Gnocchi and Ravioli at Home,Italy,1.5 hours,Rating 4.94 out of 5,48 reviews,From $21/person
Gold Medal HIIT with Olympic Champion,United Kingdom,1 hour,Rating 5 out of 5,62 reviews,From $20/person
Skincare and Natural Cosmetics Workshop,Italy,1 hour,Rating 4.97 out of 5,164 reviews,From $12/person
Transform Your Life with Small Steps,Italy,1.5 hours,Rating 5 out of 5,2 reviews,From $29/person
Spiced Wines of the Past with an Archaeologist,Italy,1 hour,Rating 4.98 out of 5,188 reviews,From $12/person
Backstage Yoga with Circus Professional,Canada,1 hour,Rating 5 out of 5,13 reviews,From $12/person
Discover Veganlicious Pastry with Eva,Slovenia,2 hours,,,From $29/person
Visit a California Cat Cafe,United States,0.75 hour,Rating 5 out of 5,2 reviews,From $18/person
Colombian Coffee Farming and Processing,Colombia,1 hour,Rating 5 out of 5,34 reviews,From $22/person
Izakaya & Sake Culture with a Sommelier,Japan,1 hour,Rating 4.98 out of 5,43 reviews,From $9/person
Make Sourdough at Home,United Kingdom,1 hour,Rating 5 out of 5,3 reviews,From $20/person
"Design Your Espadrilles, We'll Make Them",Spain,1 hour,Rating 4.99 out of 5,108 reviews,From $98/person
Japanese Healing Nursery Songs by Guitar Solo,Japan,0.75 hour,Rating 5 out of 5,1 review,From $12/person
Comfort Foods with a Bestselling Author,United States,1 hour,Rating 4.9 out of 5,10 reviews,From $20/person
Calligraphy Qigong on a Beautiful Beach,Australia,1 hour,Rating 4.96 out of 5,25 reviews,From $18/person
Let Ferments Be Thy Medicine,Mexico,1.5 hours,Rating 5 out of 5,4 reviews,From $16/person
Master Volleyball w/ Five Time Olympian,United States,1 hour,,,From $12/person
"A Tour of Historic Shibuya, Local Area",Japan,1 hour,,,From $12/person
Secrets of Hollywood Sound FX,United States,1 hour,Rating 4.98 out of 5,212 reviews,From $39/person
How to Create a Podcast,United States,1.25 hours,Rating 5 out of 5,109 reviews,From $40/person
Discover Interior design secrets,Italy,1 hour,,,From $26/person
Backstage with a Magician,United States,1 hour,Rating 4.96 out of 5,140 reviews,From $25/person
Positive Thinking with a Paralympic Hero,United Kingdom,1.5 hours,Rating 5 out of 5,14 reviews,From $24/person
Private Astrology Reading & Natal Chart,Spain,1 hour,Rating 5 out of 5,60 reviews,From $76/person
Learn the Basics of Faux Calligraphy,India,1.5 hours,,,From $31/person
Fashion Illustration by Shivan & Narresh,India,1 hour,,,From $31/person
Secrets of a Michelin-starred Chef,Singapore,1.5 hours,,,From $34/person
あっくんと渋谷酒学↑,Japan,1 hour,,,From $10/person
Cooking in the Basque Tradition,United States,1.5 hours,,,From $5/person
Interactive Magic & Mentalism Show,United States,1 hour,,,From $40/person
Table styling using everyday things,India,1 hour,,,From $35/person
Become a Ramen Expert,Japan,1.25 hours,,,From $10/person
Olympic Level Karate & Home Workout,Turkey,1 hour,,,From $19/person
Nashville Concert Musician's Studio,United States,1 hour,,,From $12/person
Expert Fingerprint Masterclass,United Kingdom,1 hour,,,From $14/person
Experience Bucharest in Communist Times,Romania,2 hours,,,From $15/person
Tokyo Craft Cocktail - DJ Bar Azumaya -,Japan,1 hour,,,From $10/person
Perfect the Pivot with a Paralympian,United States,1 hour,,,From $19/person
"One Day in Shibuya, Tokyo",Japan,1.25 hours,,,From $5/person
ＫＡＢＡ．ちゃんと渋谷再発見ーバーチャルお散歩,Japan,1 hour,,,From $29/person
A big love to Viet cuisine- spring rolls,Vietnam,1 hour,,,From $9/person
Cooking Colombians Empanadas & Arepas,Colombia,1.5 hours,,,From $11/person
Work Out With a Pro Circus Acrobat,United States,1 hour,Rating 5 out of 5,22 reviews,From $8/person
Create with a Pro Studio Photographer,United States,2 hours,,,From $75/person
Story Time Under the Sea,South Africa,1 hour,Rating 5 out of 5,2 reviews,From $8/person
A Brief History of Wine in South Africa,South Africa,1.5 hours,Rating 5 out of 5,8 reviews,From $12/person
"Homemade Authentic Mexican Crafts, Alebrijes",Mexico,1.5 hours,Rating 5 out of 5,13 reviews,From $9/person
"Peruvian Booze Creations, Pisco Making",Peru,1 hour,,,From $14/person
Secret Language of Astrology,United States,1.5 hours,,,From $42/person
How to Bake Delicious Scones,United States,1.5 hours,,,From $18/person
Tour ancient and modern Chinese and foreign with music traveler closer-Music Appreciation Course,China,1.25 hours,Rating 4.94 out of 5,16 reviews,From $13/person
Private One-One Yoga for You/ Your Family,Australia,1 hour,Rating 5 out of 5,9 reviews,From $36/person
Family in the kitchen - ChOuQuette,France,1 hour,Rating 5 out of 5,6 reviews,From $12/person
Natural dye and shibori experience,Indonesia,1.5 hours,Rating 5 out of 5,1 review,From $9/person
Wine Tasting from France with a Somm,France,1 hour,,,From $18/person
Perfect Pizza Dough with Scott Wiener,United States,1.5 hours,Rating 5 out of 5,7 reviews,From $25/person
Learn to Craft a Pop-Out Book,United States,1.5 hours,Rating 5 out of 5,78 reviews,From $18/person
Tarot Reading with Mak Jagger,United States,2 hours,Rating 4.9 out of 5,147 reviews,From $45/person
Shimmy with a Belly Dancing Pro,United States,1 hour,Rating 4.89 out of 5,19 reviews,From $15/person
Shimmy with a Belly Dancing Pro,United States,1 hour,Rating 4.89 out of 5,19 reviews,From $15/person
Olympic Mindset Coaching Session,United Kingdom,1 hour,Rating 4.83 out of 5,6 reviews,From $32/person
Japan traditional alcohol with bartender,Japan,1.25 hours,Rating 5 out of 5,6 reviews,From $8/person
Divination with Maya Spiritual Guide,Mexico,1.25 hours,Rating 5 out of 5,2 reviews,From $68/person
Family Donut Baking Experience,United States,1 hour,,,From $20/person
Dumpling Making from my Family Recipe,United States,2 hours,Rating 5 out of 5,83 reviews,From $35/person
Discover The Beauty Of Sign Language,Germany,1 hour,Rating 4.92 out of 5,13 reviews,From $27/person
Turkish Fortune Coffee Reading,United States,1.5 hours,Rating 4.96 out of 5,193 reviews,From $45/person
Inside-Out Sushi Rolls Making from Tokyo,Japan,1 hour,Rating 5 out of 5,15 reviews,From $29/person
The Secrets of Flower Design and Art,United States,1.5 hours,Rating 5 out of 5,4 reviews,From $20/person
Backstage Yoga with Circus Professional,Canada,1 hour,Rating 5 out of 5,13 reviews,From $12/person
Mindfulness Tea Ceremony,Japan,1.25 hours,Rating 5 out of 5,2 reviews,From $17/person
Magic & Mentalism with David Rosenfeld,United States,0.75 hour,Rating 5 out of 5,10 reviews,From $15/person
Heal Stress Through Art Therapy,Spain,1 hour,Rating 5 out of 5,37 reviews,From $41/person
Mindset Coaching with Canadian Wrestler,Canada,1 hour,,,From $16/person
Smart Goals with Gold Medal Aussie Diver,Australia,1 hour,Rating 5 out of 5,2 reviews,From $25/person
Booty Shake with Colombian Choreographer,Colombia,1 hour,Rating 4.98 out of 5,47 reviews,From $8/person
Master Improvisation In One Hour,United States,1 hour,Rating 5 out of 5,1 review,From $25/person
Graffiti Drawing Workshop,United States,1 hour,,,From $30/person
Career Coaching with an Olympian,United States,1 hour,Rating 4.8 out of 5,5 reviews,From $19/person
Bring the Dog to Family Nacho Party,United States,1 hour,,,From $11/person
Easy Dishes w/ Tastemade Chef Frankie,United States,1 hour,,,From $30/person
Basic Training with a Rescue Dog,South Africa,0.75 hour,Rating 5 out of 5,5 reviews,From $8/person
"Pablo Escobar, Angel or Demon",Colombia,1 hour,,,From $10/person
Making a Japanese confectionery with a certified art teacher,Japan,1.5 hours,Rating 5 out of 5,2 reviews,From $20/person
Puebla Mole from my Family's Recipe,Mexico,1 hour,Rating 5 out of 5,10 reviews,From $13/person
Street Dance with Smiles from Step Up,Thailand,1 hour,Rating 5 out of 5,3 reviews,From $12/person
Five Country Tour w/Five Time Olympian,United States,1 hour,Rating 4.9 out of 5,10 reviews,From $20/person
Global LGBTQ Bar Hop Across Four Cities,United States,1.5 hours,Rating 5 out of 5,16 reviews,From $10/person
Dance like a K-pop star for Beginners,South Korea,1 hour,Rating 4.92 out of 5,85 reviews,From $22/person
History & Culture of Transwoman-Thailand,Thailand,1.25 hours,Rating 4.9 out of 5,40 reviews,From $10/person
Novel Writing with a Bestselling Author,United States,1 hour,Rating 4.97 out of 5,37 reviews,From $20/person
Italian Design tour - home edition,Italy,1.5 hours,Rating 5 out of 5,1 review,From $35/person
Crafty pizza quick and easy,Italy,1 hour,Rating 5 out of 5,1 review,From $24/person
Super Strengths With A Gold Medal Couple,United Kingdom,1 hour,Rating 5 out of 5,6 reviews,From $39/person
Dancing on the Dough: Ramen in Japan,Japan,1.5 hours,Rating 5 out of 5,6 reviews,From $24/person
Cultural Journey Through London Chinatown (Kids Free),United Kingdom,1 hour,Rating 4.95 out of 5,133 reviews,From $11/person
Ukulele Lessons With Gold Record Musician,United States,1 hour,Rating 5 out of 5,4 reviews,From $45/person
Sweat It Out in a Bhangra Dance Class,United States,1 hour,Rating 5 out of 5,3 reviews,From $15/person
Drinks with Three Time Olympic Medalist,United States,1 hour,Rating 5 out of 5,1 review,From $30/person
Honey at Home: The Basics of Beekeeping,United States,1 hour,Rating 5 out of 5,10 reviews,From $15/person
Learn about Teas from a Tea Sommelier,India,1.5 hours,Rating 4.75 out of 5,4 reviews,From $16/person
Make Wine Cookies with Grandma's Recipe,Ireland,1.5 hours,Rating 5 out of 5,8 reviews,From $12/person
"Caravaggio in Rome, A Virtual Tour",Italy,1.5 hours,Rating 4.94 out of 5,36 reviews,From $18/person
Make Pasta and Live Opera in the Kitchen,Italy,2 hours,Rating 4.99 out of 5,468 reviews,From $29/person
"Irish Village, History, Culture & Craic",Ireland,1 hour,Rating 4.97 out of 5,121 reviews,From $11/person
Learn Magic with a Professional,France,1.5 hours,Rating 5 out of 5,9 reviews,From $24/person
How to Shoot Film with a Real Filmmaker,United Arab Emirates,1 hour,Rating 5 out of 5,1 review,From $36/person
Basic Training with a Rescue Dog,South Africa,0.75 hour,Rating 5 out of 5,5 reviews,From $8/person
Spanish Tapas Like My Grandma Used to Make,Spain,1.5 hours,Rating 4.88 out of 5,86 reviews,From $24/person
Learn to Bake French Macarons,Canada,1.5 hours,,,From $19/person
Making 1000 Origami Cranes Together,Japan,1 hour,Rating 5 out of 5,3 reviews,From $10/person
Discover The Beauty Of Sign Language,Germany,1 hour,Rating 4.92 out of 5,13 reviews,From $27/person
Easy Authentic Kimchi with a Food Writer,United Kingdom,1 hour,Rating 5 out of 5,7 reviews,From $6/person
Learn Street Art with Street Art Malaga,Spain,1 hour,Rating 4.9 out of 5,10 reviews,From $7/person
The Secret to Soulful Udon Soup,Japan,1.5 hours,Rating 5 out of 5,32 reviews,From $29/person
Mezcal & Tequila Cocktail Masterclass,Mexico,1.5 hours,Rating 4.96 out of 5,50 reviews,From $23/person
Making a Japanese confectionery with a certified art teacher,Japan,1.5 hours,Rating 5 out of 5,2 reviews,From $20/person
Sustainable Portuguese cooking class,Portugal,1.5 hours,Rating 5 out of 5,46 reviews,From $13/person
Michelin Star Chef - Nicola Dinato,Italy,1 hour,,,From $82/person
Tarot Reading and Meditation,India,0.75 hour,Rating 4.94 out of 5,47 reviews,From $35/person
Advanced Sign Language & Music,United States,1.5 hours,Rating 5 out of 5,14 reviews,From $25/person
Cocktail Masterclass With Uk Champion,United Kingdom,1 hour,Rating 5 out of 5,12 reviews,From $7/person
Olympic Life with a Mozambican Hurdler,South Africa,1 hour,Rating 5 out of 5,4 reviews,From $19/person
Power Yoga from Barcelona,Spain,1 hour,Rating 5 out of 5,44 reviews,From $12/person
Meet & Learn How Guide Dogs are Trained,Canada,1 hour,Rating 4.94 out of 5,34 reviews,From $14/person
The Secret of Seattle's Disappearing Hill,United States,1 hour,Rating 4.9 out of 5,73 reviews,From $7/person
Laugh & Taste Wine,United States,1.25 hours,,,From $15/person
下鴨茶寮の総料理長と本格的な京料理,Japan,1.5 hours,Rating 5 out of 5,7 reviews,From $24/person
Sweat It Out in a Bhangra Dance Class,United States,1 hour,Rating 5 out of 5,3 reviews,From $15/person
Curso de Smudging sahumadores artesanal,Mexico,2 hours,,,From $28/person
Learn mental keys with Olympic Medalist,Brazil,1 hour,,,From $18/person
Breakthrough with Personal Coaching,Germany,1.5 hours,Rating 5 out of 5,1 review,From $46/person
Dance Salsa and Latin Music From Scratch,Colombia,1 hour,Rating 4.97 out of 5,30 reviews,From $11/person
Farm to Table from the Mediterranean,Croatia,1.5 hours,Rating 4.99 out of 5,352 reviews,From $17/person
Barcelona Storytelling with Crafts,Spain,1 hour,Rating 4.98 out of 5,135 reviews,From $8/person
Story Time with a Children's Book Author,United States,1 hour,Rating 4.98 out of 5,85 reviews,From $7/person
King Wolf Animal Sanctuary Virtual Tour,United States,0.75 hour,Rating 5 out of 5,2 reviews,From $20/person
Draw amazing Thai Illustration,Thailand,1.5 hours,,,From $10/person
Deep Breathing with Olympic Runner,United States,1 hour,Rating 5 out of 5,4 reviews,From $20/person
Queer Poetry Workshop for a Good Cause,United States,1 hour,Rating 5 out of 5,3 reviews,From $10/person
Twists & Turns Matthew Mitcham’s story,Australia,1 hour,Rating 5 out of 5,2 reviews,From $25/person
Japanese Healing Nursery Songs by Guitar Solo,Japan,0.75 hour,Rating 5 out of 5,1 review,From $12/person
Engaging Hands-On Virtual Cocktail Class,United States,1 hour,,,From $22/person
Gold Medal HIIT with Olympic Champion,United Kingdom,1 hour,Rating 5 out of 5,62 reviews,From $20/person
Improv for a Good Cause,United States,1.5 hours,Rating 5 out of 5,5 reviews,From $40/person
"A Tour of Historic Shibuya, Local Area",Japan,1 hour,,,From $12/person
How to Launch a Pro Podcast at Home,United States,1.5 hours,Rating 5 out of 5,4 reviews,From $100/person
Tai Chi and Singing Bowl Meditation,Australia,1.5 hours,Rating 5 out of 5,17 reviews,From $11/person
Hockey Skills and Q / A with Olympian,United Kingdom,1 hour,,,From $13/person
Healing Yoga and  One Love Meditation,Japan,1 hour,Rating 4.91 out of 5,11 reviews,From $15/person
Let's Cook & Eat Osaka Style Okonomiyaki,Japan,1.25 hours,Rating 5 out of 5,24 reviews,From $20/person
A Motorcity Workout Party,United States,1 hour,Rating 4.96 out of 5,26 reviews,From $15/person
Tea Class with a Certified Tea Sommelier,United States,1 hour,Rating 5 out of 5,1 review,From $20/person
Kitchen Cocktails with Mixologist Pankaj,India,1 hour,,,From $21/person
Cook-Along with Michelin trained chef,United Kingdom,1.25 hours,,,From $45/person
"Sedona, Meditation, Insight & Intuition",United States,1.5 hours,,,From $39/person
Savory Pancakes and Flavor of Tokyo,Japan,1 hour,,,From $20/person
Living Childhood Dreams with an Olympian,Ecuador,1 hour,,,From $15/person
原来篆刻一枚印章还可以如此有趣儿,China,1.5 hours,,,From $11/person
Harry Potter Magic in Edinburgh Tour,United Kingdom,1 hour,Rating 4.97 out of 5,86 reviews,From $8/person
Mindful Meditation with Horses,Canada,1 hour,Rating 5 out of 5,7 reviews,From $19/person
How to Cultivate Optimism with an Olympian,United States,1 hour,Rating 4.96 out of 5,79 reviews,From $20/person
Discover the Rhythms of Puerto Rico,Puerto Rico,1 hour,Rating 4.89 out of 5,72 reviews,From $10/person
Practice Pilates with an Olympian,Australia,1 hour,Rating 5 out of 5,1 review,From $25/person
Ferment sauerkraut & mustard together,United States,1.5 hours,,,From $15/person
Portuguese Secret Royal Scandals,Portugal,1.5 hours,Rating 5 out of 5,1 review,From $18/person
Cook-Along with Michelin trained chef,United Kingdom,1.25 hours,,,From $45/person
Sustainable and Minimalistic Cooking,India,1 hour,,,From $26/person
Flamenco Dance Class with a Real Dancer,Spain,1 hour,Rating 5 out of 5,39 reviews,From $9/person
"Italian Art, a Painter's Point of View",Italy,1.5 hours,,,From $18/person
Living Childhood Dreams with an Olympian,Ecuador,1 hour,,,From $15/person
Chocolate Origins & Create with a Maker,Jamaica,1 hour,Rating 5 out of 5,52 reviews,From $10/person
Natural dye and shibori experience,Indonesia,1.5 hours,Rating 5 out of 5,1 review,From $9/person
Caipirinha Lesson & Tips for a Rio trip,Brazil,1 hour,Rating 5 out of 5,5 reviews,From $10/person
Improv Fun & Games with an Emmy TV-Host,United States,1 hour,Rating 5 out of 5,2 reviews,From $22/person
Beyond the Magic,Singapore,1 hour,Rating 5 out of 5,3 reviews,From $17/person
Tackle Stress like a Paralympic Medalist,Canada,1 hour,,,From $22/person
Easy Balinese Vegetarian Home Cooking,Indonesia,1.75 hours,Rating 4.97 out of 5,205 reviews,From $18/person
Soundbath Meditation with a Singapore DJ,Singapore,1.5 hours,Rating 4.87 out of 5,100 reviews,From $30/person
Slang Sign Language Music Interpreting,United States,1.5 hours,Rating 5 out of 5,17 reviews,From $25/person
The Zen Art of Rock Balancing,United States,1 hour,Rating 5 out of 5,2 reviews,From $28/person
地图控带您线上体验北京,China,1.5 hours,Rating 5 out of 5,19 reviews,From $12/person
Michelin Star Chef - Jonathan Benno,United States,1.5 hours,,,From $40/person
Write Inspired by Intuition,United States,1 hour,Rating 4.94 out of 5,107 reviews,From $17/person
New Puppy Survival Guide,United Kingdom,1.5 hours,,,From $26/person
Talk Show 100% Barça w/ SportsJournalist,Spain,1 hour,Rating 5 out of 5,2 reviews,From $12/person
Michelin Star Chef - Iannotti Lab,Italy,1 hour,,,From $93/person
The World of High Kitchen Fermentations,Spain,1 hour,,,From $93/person
Kombucha Making and Culinary Class,United States,1 hour,Rating 5 out of 5,6 reviews,From $20/person
Heal and Nourish With Spices,Germany,1.5 hours,Rating 5 out of 5,8 reviews,From $14/person
Cardiobox with a Champion-All Abilities,United Kingdom,1 hour,Rating 5 out of 5,17 reviews,From $13/person
Michelin Star Chef - Cristina Bowerman,Italy,1 hour,,,From $70/person
Michelin Star Chef - Pascal Aussignac,United Kingdom,1 hour,,,From $52/person
Michelin Star Chef - Gabriel Kreuther,United States,1.25 hours,,,From $40/person
Olympic health & fitness with kids,United States,1 hour,,,From $20/person
Learn to Make Asian Food,Canada,1.5 hours,Rating 5 out of 5,5 reviews,From $15/person
Southern Italian Dishes with Chef Paolo,Italy,1 hour,,,From $47/person
Quick Classic Cocktails - Two Ways,United States,1 hour,Rating 5 out of 5,7 reviews,From $15/person
Feed the Soul with Yoga Brunch Club,Spain,1.5 hours,Rating 5 out of 5,15 reviews,From $17/person
Create with a Pro Studio Photographer,United States,2 hours,,,From $75/person
New Puppy Survival Guide,United Kingdom,1.5 hours,,,From $26/person
Personalized Facial Yoga and Meditation,Spain,1 hour,Rating 5 out of 5,5 reviews,From $29/person
The Art of Reinvention with an Olympian,United States,1 hour,Rating 4.98 out of 5,60 reviews,From $31/person
Paranormal Arabia Tour,United Kingdom,1 hour,,,From $27/person
Spa Day: Learn to Make Natural Lotions,United States,1.5 hours,Rating 5 out of 5,2 reviews,From $25/person
Life Lessons From My Olympic Journey!,United States,1 hour,Rating 4.98 out of 5,83 reviews,From $35/person
Salmon Dinner with Olympic Runner,United States,1 hour,Rating 5 out of 5,4 reviews,From $20/person
Japan traditional alcohol with bartender,Japan,1.25 hours,Rating 5 out of 5,6 reviews,From $8/person
Mindset Coaching with Canadian Wrestler,Canada,1 hour,,,From $16/person
Yogadance class with a Russian Ballerina,Russian Federation,1 hour,Rating 5 out of 5,7 reviews,From $22/person
"Concerto d'ironia, sentimenti, paradossi",Italy,1 hour,,,From $16/person
Coloured Pasta and Chocolate Volcano,Italy,1.5 hours,Rating 4.99 out of 5,118 reviews,From $14/person
Drink and Draw,Portugal,1.5 hours,Rating 4.95 out of 5,286 reviews,From $18/person
The Olympic Dream and Workout Of the Day,Brazil,1 hour,Rating 5 out of 5,8 reviews,From $20/person
Tea Class with a Certified Tea Sommelier,United States,1 hour,Rating 5 out of 5,1 review,From $20/person
SECRETS of Mobile Photo by NatGeo Winner,Spain,0.75 hour,Rating 5 out of 5,173 reviews,From $2/person
Virtual Inclusive Fitness Class,United Kingdom,1 hour,Rating 5 out of 5,1 review,From $7/person
Bobsled session with an Olympian,France,1 hour,,,From $14/person
Judo with Two Olympians - Beginners only,United Kingdom,1 hour,,,From $45/person
Big Dreams & Stories with a Paralympian,Canada,1.5 hours,,,From $14/person
Chef Andrea’s Meaty Italian Mains,Italy,1 hour,,,From $58/person
Taste of Tuscany with Chef Gaetano,Italy,1 hour,,,From $70/person
Michelin Star Chef - Roberto Ruiz,Spain,1 hour,,,From $82/person
Explore Stonewall Museum LGBTQ Archives,United States,1 hour,,,From $10/person
Guided Meditation With A Healer,United States,1 hour,,,From $44/person
Compose a World Through Collage Art,Australia,1.5 hours,Rating 4.88 out of 5,17 reviews,From $28/person
Michelin Star Chef - Paco Morales,Spain,1 hour,,,From $58/person
Learn Photo Composition,Australia,1 hour,Rating 5 out of 5,2 reviews,From $28/person
À la découverte du Chien et du Chat,France,1 hour,,,From $21/person
Hablando de mascotas; la Dra aconseja,Colombia,1 hour,,,From $10/person
Authentic Kyoto Tea Ceremony,Japan,0.75 hour,Rating 5 out of 5,1 review,From $15/person
Chef Joachim’s Fusion of Flavors,Portugal,1 hour,,,From $41/person
Practice Pilates with an Olympian,Australia,1 hour,Rating 5 out of 5,1 review,From $25/person
Sustainable and Minimalistic Cooking,India,1 hour,,,From $26/person
Cross training fencing with an Olympian,France,1 hour,Rating 5 out of 5,2 reviews,From $29/person
Countryside Cooking with Chef Davide,Italy,1 hour,,,From $70/person
Make Hand-Pulled Noodles,China,1.5 hours,,,From $15/person
Curso de Smudging sahumadores artesanal,Mexico,2 hours,,,From $28/person
Baking Sweets and Exchanging Stories,Spain,2 hours,,,From $24/person
Learn Wheelchair Skills with Back Up,United Kingdom,1.5 hours,Rating 5 out of 5,1 review,From $9/person
原来篆刻一枚印章还可以如此有趣儿,China,1.5 hours,,,From $11/person
Adaptive Yoga with a Pro Dancer,United Kingdom,1.5 hours,,,From $39/person
Panorámica de Praga con un guía local,Czech Republic,1 hour,Rating 5 out of 5,2 reviews,From $7/person
Family Storytime with Rescue Kitties,United States,1 hour,Rating 4.6 out of 5,10 reviews,From $10/person
Chef Joachim’s Fusion of Flavors,Portugal,1 hour,,,From $41/person
"Lisbon, my Grandmother and the Locals",Portugal,1.5 hours,Rating 4.89 out of 5,28 reviews,From $4/person
Coffee Masterclass with National Judge,Mexico,1 hour,Rating 4.97 out of 5,1103 reviews,From $8/person
Milking the Goats at Hawthorn Farm,United States,1.5 hours,Rating 5 out of 5,2 reviews,From $30/person
À la découverte du Chien et du Chat,France,1 hour,,,From $21/person
Book-Making Fun for the Whole Family,United States,1 hour,Rating 4.89 out of 5,19 reviews,From $15/person
Super Strengths With A Gold Medal Couple,United Kingdom,1 hour,Rating 5 out of 5,6 reviews,From $39/person
Michelin Star Chef - Gabriel Kreuther,United States,1.25 hours,,,From $40/person
Cultural Journey Through London Chinatown (Kids Free),United Kingdom,1 hour,Rating 4.95 out of 5,133 reviews,From $11/person
Healing Yoga and  One Love Meditation,Japan,1 hour,Rating 4.91 out of 5,11 reviews,From $15/person
Michelin Star Chef - Iannotti Lab,Italy,1 hour,,,From $93/person
Farm Animal Trivia,Australia,1 hour,Rating 5 out of 5,8 reviews,From $18/person
Tango Concert with Latin Grammy Nominee,Argentina,1.5 hours,Rating 4.98 out of 5,653 reviews,From $10/person
Japanese Cute Cartoon Bento Making,Japan,1.5 hours,Rating 4.9 out of 5,10 reviews,From $25/person
Authentic Kyoto Tea Ceremony,Japan,0.75 hour,Rating 5 out of 5,1 review,From $15/person
Secrets of Japanese Whiskey,Japan,1 hour,Rating 4.97 out of 5,33 reviews,From $12/person
Magic Classes with a Television Magician,Australia,1 hour,Rating 5 out of 5,7 reviews,From $13/person
Learn to Chop with a Chopped Champion,United States,1.5 hours,,,From $25/person
Virtual Jack the Ripper London Tour,United Kingdom,1 hour,Rating 5 out of 5,6 reviews,From $9/person
Making Music with a Kenyan Olympian,United States,1 hour,,,From $20/person
Back rehab with an Olympic swimmer,United States,0.5 hour,,,From $15/person
Personalized Interior Design Workshop,United States,1 hour,Rating 4.94 out of 5,115 reviews,From $35/person
Guided Meditation With A Healer,United States,1 hour,,,From $44/person
Master Thai Spicy Soup & Chicken basil,United States,1 hour,Rating 5 out of 5,4 reviews,From $25/person
Transforming Socks into Darling Dolls,Netherlands,1.5 hours,Rating 5 out of 5,1 review,From $18/person
Mexico Food Trivia & Scavenger Hunt Game,Mexico,1 hour,Rating 5 out of 5,12 reviews,From $12/person
Michelin Star Chef - Giuseppe Iannotti,Italy,1 hour,,,From $70/person
Workout with an Olympian,Croatia,0.5 hour,,,From $13/person
Join a Rollerskating Dance Party,United States,1 hour,Rating 5 out of 5,17 reviews,From $25/person
Irish Dance Masterclass,Ireland,1 hour,Rating 4.98 out of 5,55 reviews,From $12/person
Caravaggio The Bad Boy of the Baroque,Italy,1 hour,Rating 5 out of 5,26 reviews,From $6/person
Explore Seashore with Conservationist,South Africa,1 hour,Rating 5 out of 5,1 review,From $9/person
Learn Photo Composition,Australia,1 hour,Rating 5 out of 5,2 reviews,From $28/person
Track Masterclass/Q&A with an Olympian,United Kingdom,1.5 hours,,,From $24/person
Daily meditation art practice,South Africa,2 hours,,,From $30/person
Sit and Get Fit with Adaptive Yoga,United Kingdom,1 hour,,,From $20/person
Draw Birds to be Happy,Colombia,3 hours,Rating 5 out of 5,4 reviews,From $11/person
サステナブル料理人が教える、美味しいお魚の深い世界,Japan,1.5 hours,Rating 4.93 out of 5,14 reviews,From $10/person
Talk Show 100% Barça w/ SportsJournalist,Spain,1 hour,Rating 5 out of 5,2 reviews,From $12/person
"Tokyo's Daily Life, Health, Culture, Mindset, Meal, Gods, Anime, Tourist Spots",Japan,1.5 hours,Rating 4.95 out of 5,147 reviews,From $12/person
Pancake Flip-Along for a Good Cause,United States,1 hour,Rating 4.95 out of 5,39 reviews,From $18/person
Living Room Legends Scavenger Hunt Game,United States,1 hour,Rating 4.94 out of 5,33 reviews,From $6/person
Great Matcha Diet Through Tea Ceremony,Japan,1 hour,Rating 5 out of 5,8 reviews,From $12/person
7 Wonders of Lisbon,Portugal,1.5 hours,Rating 4.93 out of 5,183 reviews,From $12/person
"The Pursuit of Simple, Slower, and Less",Spain,1 hour,Rating 5 out of 5,1 review,From $21/person
Happiness Meditation with Chocolate,Mexico,1 hour,Rating 4.95 out of 5,193 reviews,From $9/person
Discover Interior design secrets,Italy,1 hour,,,From $26/person
Hatha Yoga with Olympic Champion,United Kingdom,1 hour,Rating 5 out of 5,19 reviews,From $20/person
The Wonders of Western Architecture,France,2 hours,Rating 5 out of 5,12 reviews,From $14/person
Uncover the Secrets of Sancerre Wine,France,1 hour,,,From $29/person
Deguste cerveja como um Beer Sommelier,Brazil,1.5 hours,,,From $1/person
地图控带您线上体验北京,China,1.5 hours,Rating 5 out of 5,19 reviews,From $12/person
Fun Travel Quiz With a Pro Travel Writer,United Kingdom,1 hour,Rating 5 out of 5,2 reviews,From $13/person
Van Gogh Find Yourself,United States,1 hour,Rating 4.92 out of 5,223 reviews,From $25/person
Live cooking class & culture with us,India,2 hours,Rating 5 out of 5,17 reviews,From $12/person
Adaptive Yoga with a Pro Dancer,United Kingdom,1.5 hours,,,From $39/person
オリンピアンによるからだと向き合うストレッチ,Japan,1 hour,Rating 5 out of 5,7 reviews,From $24/person
Origami for Any Age and Level,Portugal,1 hour,Rating 5 out of 5,1 review,From $17/person
フェンシングのオリンピアンとスポーツを通した学びを語ろう,Japan,1 hour,Rating 5 out of 5,5 reviews,From $24/person
